[
  {
    "id": 1,
    "proImg": "/product/1.jpg",
    "title": "Oxygen Mask",
    "slug": "prayer-mat",
    "price": "340.00",
    "delPrice": "380.00",
    "brand":"Tools",
    "size":"Xl"
  },
  {
    "id": 2,
    "proImg": "/product/2.jpg",
    "title": "Wheelchair",
    "slug": "Perfume",
    "price": "65.00",
    "delPrice": "85.00",
    "brand":"Tools",
    "size":"XXl"
  },
  {
    "id": 3,
    "proImg": "/product/3.jpg",
    "title": "Digital Oximeter",
    "slug": "Muslim-Hat",
    "price": "285.00",
    "delPrice": "300.00",
    "brand":"Tools",
    "size":"L"
  },
  {
    "id": 4,
    "proImg": "/product/4.jpg",
    "title": "Electric Toothbrush",
    "slug": "middle-eastern-dress",
    "price": "176.00",
    "delPrice": "178.00",
    "brand":"Tools",
    "size":"M"
  },
  {
    "id": 5,
    "proImg": "/product/5.jpg",
    "title": "Mask",
    "slug": "man-dress-Punjabi",
    "price": "125.00",
    "delPrice": "130.00",
    "brand":"Tools",
    "size":"XXl"
  },
  {
    "id": 6,
    "proImg": "/product/6.jpg",
    "title": "Brooklyn D76 Glasses",
    "slug": "Woman-Hijab",
    "price": "548.00",
    "delPrice": "600.00",
    "brand":"Tools",
    "size":"Xl"
  },
  {
    "id": 7,
    "proImg": "/product/4.jpg",
    "title": "Electric Toothbrush",
    "slug": "Woman-Hijab",
    "price": "548.00",
    "delPrice": "600.00",
    "brand":"Tools",
    "size":"Xl"
  }

]
